[
    {
        "model": "auth.User",
        "pk": "2",
        "fields": {
            "username": "test",
            "first_name": "",
            "last_name": "",
            "is_active": true,
            "is_superuser": false,
            "is_staff": false,
            "last_login": "2011-03-17 17:21:19",
            "groups": [],
            "user_permissions": [],
            "password": "sha1$b85c0$28136cb118976e070a47e85bd67e7b9171ec4604",
            "email": "",
            "date_joined": "2011-03-17 17:21:19"
        }
    },
    {
        "model": "auth.User",
        "pk": "3",
        "fields": {
            "username": "test2",
            "first_name": "",
            "last_name": "",
            "is_active": true,
            "is_superuser": false,
            "is_staff": false,
            "last_login": "2011-03-17 17:21:19",
            "groups": [],
            "user_permissions": [],
            "password": "sha1$b85c0$28136cb118976e070a47e85bd67e7b9171ec4604",
            "email": "",
            "date_joined": "2011-03-17 17:21:19"
        }
    },
    {
        "model": "wirecloud.XHTML",
        "pk": "1",
        "fields": {
            "uri": "1",
            "code": "gadget code",
            "url": "http://example.com/gadget_code",
            "content_type": "",
            "cacheable": true
        }
    },
    {
        "model": "wirecloud.WorkSpace",
        "pk": "1",
        "fields": {
            "name": "workspace",
            "creator": "2",
            "wiringStatus": "{\"operators\": {}, \"connections\": []}"
        }
    },
    {
        "model": "wirecloud.UserWorkSpace",
        "pk": "1",
        "fields": {
            "user": "2",
            "workspace": "1",
            "active": false
        }
    },
    {
        "model": "wirecloud.Tab",
        "pk": "1",
        "fields": {
            "workspace": "1",
            "name": "tab"
        }
    },
    {
        "model": "wirecloud.Position",
        "pk": "1",
        "fields": {
            "posX": "0",
            "posY": "0",
            "posZ": "0"
        }
    },
    {
        "model": "wirecloud.Position",
        "pk": "2",
        "fields": {
            "posX": "5",
            "posY": "0",
            "posZ": "1"
        }
    },
    {
        "model": "wirecloud.IGadget",
        "pk": "1",
        "fields": {
            "gadget": "1",
            "name": "Test Gadget",
            "position": "1",
            "tab": "1"
        }
    },
    {
        "model": "wirecloud.IGadget",
        "pk": "2",
        "fields": {
            "gadget": "1",
            "name": "Test Gadget",
            "position": "2",
            "tab": "1"
        }
    },
    {
        "model": "wirecloud.Gadget",
        "pk": "1",
        "fields": {
            "uri": "/Test/Test Gadget/1.0.0",
            "vendor": "Test",
            "name": "Test Gadget",
            "version": "1.0.0",
            "display_name": "__MSG_displayName__",
            "xhtml": "1"
        }
    },
    {
        "model": "wirecloud.VariableDef",
        "pk": "1",
        "fields": {
            "name": "password",
            "type": "P",
            "aspect": "PREF",
            "gadget": "1",
            "label": "__MSG_password_pref_label__",
            "description": "__MSG_password_pref_label__",
            "secure": true
        }
    },
    {
        "model": "wirecloud.VariableDef",
        "pk": "2",
        "fields": {
            "name": "username",
            "type": "S",
            "aspect": "PREF",
            "gadget": "1"
        }
    },
    {
        "model": "wirecloud.VariableDef",
        "pk": "3",
        "fields": {
            "name": "slot",
            "type": "S",
            "aspect": "SLOT",
            "gadget": "1",
            "label": "slot",
            "friend_code": "event",
            "action_label": "__MSG_slot_label__"
        }
    },
    {
        "model": "wirecloud.VariableDef",
        "pk": "4",
        "fields": {
            "name": "prop",
            "type": "S",
            "aspect": "PROP",
            "gadget": "1"
        }
    },
    {
        "model": "wirecloud.VariableDef",
        "pk": "5",
        "fields": {
            "name": "event",
            "type": "S",
            "aspect": "EVEN",
            "gadget": "1",
            "label": "event",
            "friend_code": "event"
        }
    },
    {
        "model": "wirecloud.Variable",
        "pk": "1",
        "fields": {
            "vardef": "1",
            "igadget": "1"
        }
    },
    {
        "model": "wirecloud.Variable",
        "pk": "2",
        "fields": {
            "vardef": "2",
            "igadget": "1"
        }
    },
    {
        "model": "wirecloud.Variable",
        "pk": "3",
        "fields": {
            "vardef": "3",
            "igadget": "1"
        }
    },
    {
        "model": "wirecloud.Variable",
        "pk": "4",
        "fields": {
            "vardef": "4",
            "igadget": "1"
        }
    },
    {
        "model": "wirecloud.Variable",
        "pk": "5",
        "fields": {
            "vardef": "5",
            "igadget": "1"
        }
    },
    {
        "model": "wirecloud.Variable",
        "pk": "6",
        "fields": {
            "vardef": "1",
            "igadget": "2"
        }
    },
    {
        "model": "wirecloud.Variable",
        "pk": "7",
        "fields": {
            "vardef": "2",
            "igadget": "2"
        }
    },
    {
        "model": "wirecloud.Variable",
        "pk": "8",
        "fields": {
            "vardef": "3",
            "igadget": "2"
        }
    },
    {
        "model": "wirecloud.Variable",
        "pk": "9",
        "fields": {
            "vardef": "4",
            "igadget": "2"
        }
    },
    {
        "model": "wirecloud.Variable",
        "pk": "10",
        "fields": {
            "vardef": "5",
            "igadget": "2"
        }
    },
    {
        "model": "wirecloud.VariableValue",
        "pk": "1",
        "fields": {
            "variable": "1",
            "value": "test_password",
            "user": "2"
        }
    },
    {
        "model": "wirecloud.VariableValue",
        "pk": "2",
        "fields": {
            "variable": "2",
            "value": "test_username",
            "user": "2"
        }
    },
    {
        "model": "wirecloud.VariableValue",
        "pk": "3",
        "fields": {
            "variable": "4",
            "value": "test_data",
            "user": "2"
        }
    },
    {
        "model": "wirecloud.VariableValue",
        "pk": "4",
        "fields": {
            "variable": "6",
            "value": "test_password",
            "user": "2"
        }
    },
    {
        "model": "wirecloud.VariableValue",
        "pk": "5",
        "fields": {
            "variable": "7",
            "value": "test_username",
            "user": "2"
        }
    },
    {
        "model": "wirecloud.VariableValue",
        "pk": "6",
        "fields": {
            "variable": "9",
            "value": "test_data",
            "user": "2"
        }
    },
    {
        "model": "wirecloudcommons.Translation",
        "pk": "1",
        "fields": {
            "table": "wirecloud.VariableDef",
            "element_id": "1",
            "text_id": "password_pref_label",
            "value": "Password Pref",
            "language": "en",
            "default": false
        }
    },
    {
        "model": "wirecloudcommons.Translation",
        "pk": "2",
        "fields": {
            "table": "wirecloud.VariableDef",
            "element_id": "1",
            "text_id": "password_pref_label",
            "value": "Contraseña",
            "language": "es",
            "default": false
        }
    },
    {
        "model": "wirecloudcommons.Translation",
        "pk": "3",
        "fields": {
            "table": "wirecloud.Gadget",
            "element_id": "1",
            "text_id": "displayName",
            "value": "Test Gadget",
            "language": "en",
            "default": false
        }
    },
    {
        "model": "wirecloudcommons.Translation",
        "pk": "4",
        "fields": {
            "table": "wirecloud.Gadget",
            "element_id": "1",
            "text_id": "displayName",
            "value": "Gadget de prueba",
            "language": "es",
            "default": false
        }
    },
    {
        "model": "wirecloudcommons.Translation",
        "pk": "1",
        "fields": {
            "table": "wirecloud.VariableDef",
            "element_id": "1",
            "text_id": "password_pref_label",
            "value": "Password Pref",
            "language": "en",
            "default": true
        }
    },
    {
        "model": "wirecloudcommons.Translation",
        "pk": "2",
        "fields": {
            "table": "wirecloud.VariableDef",
            "element_id": "1",
            "text_id": "password_pref_label",
            "value": "Contraseña",
            "language": "es",
            "default": false
        }
    },
    {
        "model": "wirecloudcommons.Translation",
        "pk": "3",
        "fields": {
            "table": "wirecloud.Gadget",
            "element_id": "1",
            "text_id": "displayName",
            "value": "Test Gadget",
            "language": "en",
            "default": true
        }
    },
    {
        "model": "wirecloudcommons.Translation",
        "pk": "4",
        "fields": {
            "table": "wirecloud.Gadget",
            "element_id": "1",
            "text_id": "displayName",
            "value": "Gadget de prueba",
            "language": "es",
            "default": false
        }
    },
    {
        "model": "wirecloudcommons.Translation",
        "pk": "5",
        "fields": {
            "table": "wirecloud.VariableDef",
            "element_id": "3",
            "text_id": "slot_label",
            "value": "Slot Action Label",
            "language": "en",
            "default": true
        }
    },
    {
        "model": "wirecloudcommons.Translation",
        "pk": "6",
        "fields": {
            "table": "wirecloud.VariableDef",
            "element_id": "3",
            "text_id": "slot_label",
            "value": "Etiqueta de acción del slot",
            "language": "es",
            "default": false
        }
    }
]
