[
    {
        "pk": 1,
        "model": "platform.position",
        "fields": {
            "minimized": false,
            "height": 24,
            "width": 6,
            "posZ": 0,
            "posX": 0,
            "posY": 0,
            "fulldragboard": false
        }
    },
    {
        "pk": 2,
        "model": "platform.position",
        "fields": {
            "minimized": false,
            "height": null,
            "width": null,
            "posZ": 0,
            "posX": -1,
            "posY": -1,
            "fulldragboard": false
        }
    },
    {
        "pk": 3,
        "model": "platform.position",
        "fields": {
            "minimized": false,
            "height": 24,
            "width": 6,
            "posZ": 1,
            "posX": 6,
            "posY": 0,
            "fulldragboard": false
        }
    },
    {
        "pk": 4,
        "model": "platform.position",
        "fields": {
            "minimized": false,
            "height": null,
            "width": null,
            "posZ": 0,
            "posX": -1,
            "posY": -1,
            "fulldragboard": false
        }
    },
    {
        "pk": 5,
        "model": "platform.position",
        "fields": {
            "minimized": false,
            "height": 24,
            "width": 6,
            "posZ": 0,
            "posX": 0,
            "posY": 0,
            "fulldragboard": false
        }
    },
    {
        "pk": 6,
        "model": "platform.position",
        "fields": {
            "minimized": false,
            "height": null,
            "width": null,
            "posZ": 0,
            "posX": -1,
            "posY": -1,
            "fulldragboard": false
        }
    },
    {
        "pk": 7,
        "model": "platform.position",
        "fields": {
            "minimized": false,
            "height": 24,
            "width": 6,
            "posZ": 1,
            "posX": 6,
            "posY": 0,
            "fulldragboard": false
        }
    },
    {
        "pk": 8,
        "model": "platform.position",
        "fields": {
            "minimized": false,
            "height": null,
            "width": null,
            "posZ": 0,
            "posX": -1,
            "posY": -1,
            "fulldragboard": false
        }
    },
    {
        "pk": 9,
        "model": "platform.position",
        "fields": {
            "minimized": false,
            "height": 24,
            "width": 6,
            "posZ": 0,
            "posX": 0,
            "posY": 0,
            "fulldragboard": false
        }
    },
    {
        "pk": 10,
        "model": "platform.position",
        "fields": {
            "minimized": false,
            "height": null,
            "width": null,
            "posZ": 0,
            "posX": -1,
            "posY": -1,
            "fulldragboard": false
        }
    },
    {
        "pk": 11,
        "model": "platform.position",
        "fields": {
            "minimized": false,
            "height": 24,
            "width": 6,
            "posZ": 0,
            "posX": 6,
            "posY": 0,
            "fulldragboard": false
        }
    },
    {
        "pk": 12,
        "model": "platform.position",
        "fields": {
            "minimized": false,
            "height": null,
            "width": null,
            "posZ": 0,
            "posX": -1,
            "posY": -1,
            "fulldragboard": false
        }
    },
    {
        "pk": 13,
        "model": "platform.position",
        "fields": {
            "minimized": false,
            "height": 24,
            "width": 6,
            "posZ": 0,
            "posX": 12,
            "posY": 0,
            "fulldragboard": false
        }
    },
    {
        "pk": 14,
        "model": "platform.position",
        "fields": {
            "minimized": false,
            "height": null,
            "width": null,
            "posZ": 0,
            "posX": -1,
            "posY": -1,
            "fulldragboard": false
        }
    },
    {
        "pk": 15,
        "model": "platform.position",
        "fields": {
            "minimized": false,
            "height": 24,
            "width": 6,
            "posZ": 0,
            "posX": 0,
            "posY": 0,
            "fulldragboard": false
        }
    },
    {
        "pk": 16,
        "model": "platform.position",
        "fields": {
            "minimized": false,
            "height": null,
            "width": null,
            "posZ": 0,
            "posX": -1,
            "posY": -1,
            "fulldragboard": false
        }
    },
    {
        "pk": 17,
        "model": "platform.position",
        "fields": {
            "minimized": false,
            "height": 24,
            "width": 6,
            "posZ": 1,
            "posX": 6,
            "posY": 0,
            "fulldragboard": false
        }
    },
    {
        "pk": 18,
        "model": "platform.position",
        "fields": {
            "minimized": false,
            "height": null,
            "width": null,
            "posZ": 0,
            "posX": -1,
            "posY": -1,
            "fulldragboard": false
        }
    },
    {
        "pk": 19,
        "model": "platform.position",
        "fields": {
            "minimized": false,
            "height": 24,
            "width": 6,
            "posZ": 0,
            "posX": 0,
            "posY": 0,
            "fulldragboard": false
        }
    },
    {
        "pk": 20,
        "model": "platform.position",
        "fields": {
            "minimized": false,
            "height": null,
            "width": null,
            "posZ": 0,
            "posX": -1,
            "posY": -1,
            "fulldragboard": false
        }
    },
    {
        "pk": 1,
        "model": "platform.iwidget",
        "fields": {
            "widget": 1,
            "layout": 0,
            "name": "Test 1",
            "tab": 101,
            "refused_version": null,
            "readOnly": false,
            "position": 1,
            "icon_position": 2
        }
    },
    {
        "pk": 2,
        "model": "platform.iwidget",
        "fields": {
            "widget": 1,
            "layout": 0,
            "name": "Test 2",
            "tab": 101,
            "refused_version": null,
            "readOnly": false,
            "position": 3,
            "icon_position": 4
        }
    },
    {
        "pk": 3,
        "model": "platform.iwidget",
        "fields": {
            "widget": 1,
            "layout": 0,
            "name": "Test 1",
            "tab": 102,
            "refused_version": null,
            "readOnly": false,
            "position": 5,
            "icon_position": 6
        }
    },
    {
        "pk": 4,
        "model": "platform.iwidget",
        "fields": {
            "widget": 1,
            "layout": 0,
            "name": "Test 2",
            "tab": 103,
            "refused_version": null,
            "readOnly": true,
            "position": 7,
            "icon_position": 8
        }
    },
    {
        "pk": 5,
        "model": "platform.iwidget",
        "fields": {
            "widget": 1,
            "layout": 0,
            "name": "Test 1",
            "tab": 104,
            "refused_version": null,
            "readOnly": false,
            "position": 15,
            "icon_position": 16
        }
    },
    {
        "pk": 6,
        "model": "platform.iwidget",
        "fields": {
            "widget": 1,
            "layout": 0,
            "name": "Test 2",
            "tab": 104,
            "refused_version": null,
            "readOnly": false,
            "position": 17,
            "icon_position": 18
        }
    },
    {
        "pk": 7,
        "model": "platform.iwidget",
        "fields": {
            "widget": 1,
            "layout": 0,
            "name": "Test (1)",
            "tab": 105,
            "refused_version": null,
            "readOnly": false,
            "position": 19,
            "icon_position": 20
        }
    },
    {
        "pk": 8,
        "model": "platform.iwidget",
        "fields": {
            "widget": 1,
            "layout": 0,
            "name": "Test (2)",
            "tab": 105,
            "refused_version": null,
            "readOnly": false,
            "position": 11,
            "icon_position": 12
        }
    },
    {
        "pk": 9,
        "model": "platform.iwidget",
        "fields": {
            "widget": 1,
            "layout": 0,
            "name": "Test (3)",
            "tab": 105,
            "refused_version": null,
            "readOnly": false,
            "position": 13,
            "icon_position": 14
        }
    },
    {
        "pk": 1,
        "model": "platform.variable",
        "fields": {
            "iwidget": 1,
            "vardef": 1,
            "value": "default"
        }
    },
    {
        "pk": 2,
        "model": "platform.variable",
        "fields": {
            "iwidget": 1,
            "vardef": 2,
            "value": "initial text"
        }
    },
    {
        "pk": 3,
        "model": "platform.variable",
        "fields": {
            "iwidget": 1,
            "vardef": 3,
            "value": "false"
        }
    },
    {
        "pk": 4,
        "model": "platform.variable",
        "fields": {
            "iwidget": 1,
            "vardef": 4,
            "value": "default"
        }
    },
    {
        "pk": 5,
        "model": "platform.variable",
        "fields": {
            "iwidget": 1,
            "vardef": 5,
            "value": "2"
        }
    },
    {
        "pk": 7,
        "model": "platform.variable",
        "fields": {
            "iwidget": 2,
            "vardef": 1,
            "value": "default"
        }
    },
    {
        "pk": 8,
        "model": "platform.variable",
        "fields": {
            "iwidget": 2,
            "vardef": 2,
            "value": "initial text"
        }
    },
    {
        "pk": 9,
        "model": "platform.variable",
        "fields": {
            "iwidget": 2,
            "vardef": 3,
            "value": "false"
        }
    },
    {
        "pk": 10,
        "model": "platform.variable",
        "fields": {
            "iwidget": 2,
            "vardef": 4,
            "value": "default"
        }
    },
    {
        "pk": 11,
        "model": "platform.variable",
        "fields": {
            "iwidget": 2,
            "vardef": 5,
            "value": "2"
        }
    },
    {
        "pk": 13,
        "model": "platform.variable",
        "fields": {
            "iwidget": 3,
            "vardef": 1,
            "value": "default"
        }
    },
    {
        "pk": 14,
        "model": "platform.variable",
        "fields": {
            "iwidget": 3,
            "vardef": 2,
            "value": "initial text"
        }
    },
    {
        "pk": 15,
        "model": "platform.variable",
        "fields": {
            "iwidget": 3,
            "vardef": 3,
            "value": "false"
        }
    },
    {
        "pk": 16,
        "model": "platform.variable",
        "fields": {
            "iwidget": 3,
            "vardef": 4,
            "value": "default"
        }
    },
    {
        "pk": 17,
        "model": "platform.variable",
        "fields": {
            "iwidget": 3,
            "vardef": 5,
            "value": "2"
        }
    },
    {
        "pk": 19,
        "model": "platform.variable",
        "fields": {
            "iwidget": 4,
            "vardef": 1,
            "value": "default"
        }
    },
    {
        "pk": 20,
        "model": "platform.variable",
        "fields": {
            "iwidget": 4,
            "vardef": 2,
            "value": "initial text"
        }
    },
    {
        "pk": 21,
        "model": "platform.variable",
        "fields": {
            "iwidget": 4,
            "vardef": 3,
            "value": "false"
        }
    },
    {
        "pk": 22,
        "model": "platform.variable",
        "fields": {
            "iwidget": 4,
            "vardef": 4,
            "value": "default"
        }
    },
    {
        "pk": 23,
        "model": "platform.variable",
        "fields": {
            "iwidget": 4,
            "vardef": 5,
            "value": "2"
        }
    },
    {
        "pk": 25,
        "model": "platform.variable",
        "fields": {
            "iwidget": 5,
            "vardef": 1,
            "value": "default"
        }
    },
    {
        "pk": 26,
        "model": "platform.variable",
        "fields": {
            "iwidget": 5,
            "vardef": 2,
            "value": "initial text"
        }
    },
    {
        "pk": 27,
        "model": "platform.variable",
        "fields": {
            "iwidget": 5,
            "vardef": 3,
            "value": "false"
        }
    },
    {
        "pk": 28,
        "model": "platform.variable",
        "fields": {
            "iwidget": 5,
            "vardef": 4,
            "value": "default"
        }
    },
    {
        "pk": 29,
        "model": "platform.variable",
        "fields": {
            "iwidget": 5,
            "vardef": 5,
            "value": "2"
        }
    },
    {
        "pk": 31,
        "model": "platform.variable",
        "fields": {
            "iwidget": 6,
            "vardef": 1,
            "value": "default"
        }
    },
    {
        "pk": 32,
        "model": "platform.variable",
        "fields": {
            "iwidget": 6,
            "vardef": 2,
            "value": "initial text"
        }
    },
    {
        "pk": 33,
        "model": "platform.variable",
        "fields": {
            "iwidget": 6,
            "vardef": 3,
            "value": "false"
        }
    },
    {
        "pk": 34,
        "model": "platform.variable",
        "fields": {
            "iwidget": 6,
            "vardef": 4,
            "value": "default"
        }
    },
    {
        "pk": 35,
        "model": "platform.variable",
        "fields": {
            "iwidget": 6,
            "vardef": 5,
            "value": "2"
        }
    },
    {
        "pk": 36,
        "model": "platform.variable",
        "fields": {
            "iwidget": 7,
            "vardef": 1,
            "value": "default"
        }
    },
    {
        "pk": 37,
        "model": "platform.variable",
        "fields": {
            "iwidget": 7,
            "vardef": 2,
            "value": "initial text"
        }
    },
    {
        "pk": 38,
        "model": "platform.variable",
        "fields": {
            "iwidget": 7,
            "vardef": 3,
            "value": "false"
        }
    },
    {
        "pk": 39,
        "model": "platform.variable",
        "fields": {
            "iwidget": 7,
            "vardef": 4,
            "value": "default"
        }
    },
    {
        "pk": 40,
        "model": "platform.variable",
        "fields": {
            "iwidget": 7,
            "vardef": 5,
            "value": "2"
        }
    },
    {
        "pk": 41,
        "model": "platform.variable",
        "fields": {
            "iwidget": 8,
            "vardef": 1,
            "value": "default"
        }
    },
    {
        "pk": 42,
        "model": "platform.variable",
        "fields": {
            "iwidget": 8,
            "vardef": 2,
            "value": "initial text"
        }
    },
    {
        "pk": 43,
        "model": "platform.variable",
        "fields": {
            "iwidget": 8,
            "vardef": 3,
            "value": "false"
        }
    },
    {
        "pk": 44,
        "model": "platform.variable",
        "fields": {
            "iwidget": 8,
            "vardef": 4,
            "value": "default"
        }
    },
    {
        "pk": 45,
        "model": "platform.variable",
        "fields": {
            "iwidget": 8,
            "vardef": 5,
            "value": "2"
        }
    },
    {
        "pk": 46,
        "model": "platform.variable",
        "fields": {
            "iwidget": 9,
            "vardef": 1,
            "value": "default"
        }
    },
    {
        "pk": 47,
        "model": "platform.variable",
        "fields": {
            "iwidget": 9,
            "vardef": 2,
            "value": "initial text"
        }
    },
    {
        "pk": 48,
        "model": "platform.variable",
        "fields": {
            "iwidget": 9,
            "vardef": 3,
            "value": "false"
        }
    },
    {
        "pk": 49,
        "model": "platform.variable",
        "fields": {
            "iwidget": 9,
            "vardef": 4,
            "value": "default"
        }
    },
    {
        "pk": 50,
        "model": "platform.variable",
        "fields": {
            "iwidget": 9,
            "vardef": 5,
            "value": "2"
        }
    },
    {
        "pk": 101,
        "model": "platform.tab",
        "fields": {
            "visible": true,
            "name": "Tab",
            "workspace": 2,
            "position": 0
        }
    },
    {
        "pk": 102,
        "model": "platform.tab",
        "fields": {
            "visible": true,
            "name": "Tab 1",
            "workspace": 3,
            "position": 0
        }
    },
    {
        "pk": 103,
        "model": "platform.tab",
        "fields": {
            "visible": false,
            "name": "Tab 2",
            "workspace": 3,
            "position": 1
        }
    },
    {
        "pk": 104,
        "model": "platform.tab",
        "fields": {
            "visible": true,
            "name": "Tab",
            "workspace": 4,
            "position": 0
        }
    },
    {
        "pk": 105,
        "model": "platform.tab",
        "fields": {
            "visible": true,
            "name": "Tab",
            "workspace": 5,
            "position": 0
        }
    },
    {
        "pk": 2,
        "model": "platform.workspace",
        "fields": {
            "forcedValues": "",
            "wiringStatus": "{\"views\":[{\"label\":\"default\",\"iwidgets\":{\"1\":{\"position\":{\"posX\":84,\"posY\":44},\"endPointsInOuts\":{\"sources\":[\"outputendpoint\"],\"targets\":[\"inputendpoint\"]}},\"2\":{\"position\":{\"posX\": 256,\"posY\":153},\"endPointsInOuts\":{\"sources\":[\"outputendpoint\"],\"targets\":[\"inputendpoint\"]}}},\"operators\":{\"0\":{\"position\":{\"posX\":84,\"posY\":296},\"endPointsInOuts\":{\"sources\":[\"output\"],\"targets\":[\"input\"]}}},\"multiconnectors\":{},\"connections\":[{\"pullerStart\":{\"posX\":150,\"posY\":0},\"pullerEnd\":{\"posX\":-150,\"posY\":0},\"startMulti\":null,\"endMulti\":null},{\"pullerStart\":{\"posX\":150,\"posY\":0},\"pullerEnd\":{\"posX\":-150,\"posY\":0},\"startMulti\":null,\"endMulti\":null},{\"pullerStart\":{\"posX\":150,\"posY\":0},\"pullerEnd\":{\"posX\":-150,\"posY\":0},\"startMulti\":null,\"endMulti\":null}]}],\"operators\":{\"0\":{\"name\":\"Wirecloud/TestOperator/1.0\",\"id\":\"0\",\"preferences\":{}}},\"connections\":[{\"source\":{\"type\":\"iwidget\",\"id\":1,\"endpoint\":\"outputendpoint\"},\"target\":{\"type\":\"iwidget\",\"id\":2,\"endpoint\":\"inputendpoint\"}},{\"source\":{\"type\":\"iwidget\",\"id\":2,\"endpoint\":\"outputendpoint\"},\"target\":{\"type\":\"ioperator\",\"id\":0,\"endpoint\":\"input\"}},{\"source\":{\"type\":\"ioperator\",\"id\":0,\"endpoint\":\"output\"},\"target\":{\"type\":\"iwidget\",\"id\":1,\"endpoint\":\"inputendpoint\"}}]}",
            "name": "Workspace",
            "groups": [],
            "creator": 4
        }
    },
    {
        "pk": 3,
        "model": "platform.workspace",
        "fields": {
            "forcedValues": "",
            "wiringStatus": "{\"views\":[{\"label\":\"default\",\"iwidgets\":{\"3\":{\"position\":{\"posX\":84,\"posY\":44},\"endPointsInOuts\":{\"sources\":[\"outputendpoint\"],\"targets\":[\"inputendpoint\"]}},\"4\":{\"position\":{\"posX\":84,\"posY\":153},\"endPointsInOuts\":{\"sources\":[\"outputendpoint\"],\"targets\":[\"inputendpoint\"]}}},\"operators\":{\"0\":{\"position\":{\"posX\":84,\"posY\":256},\"endPointsInOuts\":{\"sources\":[\"output\"],\"targets\":[\"input\"]}}},\"multiconnectors\":{},\"connections\":[{\"pullerStart\":{\"posX\":150,\"posY\":0},\"pullerEnd\":{\"posX\":-150,\"posY\":0},\"startMulti\":null,\"endMulti\":null},{\"pullerStart\":{\"posX\":150,\"posY\":0},\"pullerEnd\":{\"posX\":-150,\"posY\":0},\"startMulti\":null,\"endMulti\":null},{\"pullerStart\":{\"posX\":150,\"posY\":0},\"pullerEnd\":{\"posX\":-150,\"posY\":0},\"startMulti\":null,\"endMulti\":null}]}],\"operators\":{\"0\":{\"name\":\"Wirecloud/TestOperator/1.0\",\"id\":\"0\",\"preferences\":{}}},\"connections\":[{\"source\":{\"type\":\"iwidget\",\"id\":3,\"endpoint\":\"outputendpoint\"},\"target\":{\"type\":\"iwidget\",\"id\":4,\"endpoint\":\"inputendpoint\"}},{\"source\":{\"type\":\"iwidget\",\"id\":4,\"endpoint\":\"outputendpoint\"},\"target\":{\"type\":\"ioperator\",\"id\":0,\"endpoint\":\"input\"}},{\"source\":{\"type\":\"ioperator\",\"id\":0,\"endpoint\":\"output\"},\"target\":{\"type\":\"iwidget\",\"id\":3,\"endpoint\":\"inputendpoint\"}}]}",
            "name": "Pending Events",
            "groups": [],
            "creator": 4
        }
    },
    {
        "pk": 4,
        "model": "platform.workspace",
        "fields": {
            "forcedValues": "",
            "wiringStatus": "{\"views\":[{\"label\":\"default\",\"iwidgets\":{\"5\":{\"position\":{\"posX\":84,\"posY\":44},\"endPointsInOuts\":{\"sources\":[\"outputendpoint\"],\"targets\":[\"inputendpoint\"]}},\"6\":{\"position\":{\"posX\": 256,\"posY\":153},\"endPointsInOuts\":{\"sources\":[\"outputendpoint\"],\"targets\":[\"inputendpoint\"]}}},\"operators\":{\"0\":{\"position\":{\"posX\":84,\"posY\":296},\"endPointsInOuts\":{\"sources\":[\"output\"],\"targets\":[\"input\"]}}},\"multiconnectors\":{},\"connections\":[{\"pullerStart\":{\"posX\":150,\"posY\":0},\"pullerEnd\":{\"posX\":-150,\"posY\":0},\"startMulti\":null,\"endMulti\":null},{\"pullerStart\":{\"posX\":150,\"posY\":0},\"pullerEnd\":{\"posX\":-150,\"posY\":0},\"startMulti\":null,\"endMulti\":null},{\"pullerStart\":{\"posX\":150,\"posY\":0},\"pullerEnd\":{\"posX\":-150,\"posY\":0},\"startMulti\":null,\"endMulti\":null}]}],\"operators\":{\"0\":{\"name\":\"Wirecloud/TestOperator/1.0\",\"id\":\"0\",\"preferences\":{}}},\"connections\":[{\"source\":{\"type\":\"iwidget\",\"id\":5,\"endpoint\":\"outputendpoint\"},\"target\":{\"type\":\"iwidget\",\"id\":6,\"endpoint\":\"inputendpoint\"}},{\"source\":{\"type\":\"iwidget\",\"id\":6,\"endpoint\":\"outputendpoint\"},\"target\":{\"type\":\"ioperator\",\"id\":0,\"endpoint\":\"input\"}},{\"source\":{\"type\":\"ioperator\",\"id\":0,\"endpoint\":\"output\"},\"target\":{\"type\":\"iwidget\",\"id\":5,\"endpoint\":\"inputendpoint\"}}]}",
            "name": "Public Workspace",
            "public": true,
            "groups": [],
            "creator": 4
        }
    },
    {
        "pk": 5,
        "model": "platform.workspace",
        "fields": {
            "forcedValues": "",
            "wiringStatus": "{\"operators\":{},\"connections\":[]}",
            "name": "WiringTests",
            "groups": [],
            "creator": 4
        }
    },
    {
        "pk": 2,
        "model": "platform.userworkspace",
        "fields": {
            "active": true,
            "reason_ref": "",
            "manager": "",
            "user": 4,
            "workspace": 2
        }
    },
    {
        "pk": 3,
        "model": "platform.userworkspace",
        "fields": {
            "active": false,
            "reason_ref": "",
            "manager": "",
            "user": 4,
            "workspace": 3
        }
    },
    {
        "pk": 4,
        "model": "platform.userworkspace",
        "fields": {
            "active": false,
            "reason_ref": "",
            "manager": "",
            "user": 4,
            "workspace": 4
        }
    },
    {
        "pk": 5,
        "model": "platform.userworkspace",
        "fields": {
            "active": false,
            "reason_ref": "",
            "manager": "",
            "user": 4,
            "workspace": 5
        }
    }
]
